trial,Rhodamine,replicate,condition,Area,Mean,Int Den,CTCF,CTCF avg,bck,Area,Mean,Int Den
1,110,1,mated,14376.903,48.332,694867.121,693716.9688,552223.0556,1,12110.349,0.08,970.593
1,110,2,mated,11663.656,35.139,409854.8,409434.9084,NA,2,10522.107,0.036,375.002
1,110,3,mated,16103.014,37.47,603372.221,553517.2897,NA,3,14205.947,3.096,43988.251
1,110,1,mated,10108.502,40.147,405823.531,402406.8573,469695.7295,1,5809.769,0.338,1963.244
1,110,2,mated,15344.739,34.254,525625.545,523247.1105,NA,2,25546.991,0.155,3951.305
1,110,3,mated,14228.006,34.001,483760.465,483433.2209,NA,3,21932.085,0.023,493.568
1,110,1,vial,8459.597,8.345,70591.313,68823.25723,67473.22244,1,14294.182,0.209,2994.499
1,110,2,vial,7229.812,9.087,65694.232,62686.63021,NA,2,21424.729,0.416,8922.835
1,110,3,vial,12044.172,15.94,191989.841,70909.77988,NA,3,23043.303,10.053,231657.3
1,110,1,virgin,14070.836,97.665,1374224.062,1343000.877,1075224.606,1,9275.777,2.219,20586.49
1,110,2,virgin,9727.985,88.647,862352.256,847478.1669,NA,2,19411.853,1.529,29677.524
1,110,3,virgin,13116.787,79.073,1037188.526,1035194.774,NA,3,21198.626,0.152,3217.845
2,110,1,cont,12352.997,0.09,1116.733,93.860706,92818.26083,1,15617.718,0.098,1524.823
2,110,2,cont,12739.028,21.189,269924.018,269363.5008,NA,2,10428.356,0.044,454.965
2,110,3,cont,11994.54,0.787,9441.219,8997.42102,NA,3,18529.496,0.037,692.099
2,110,1,vial,38558.998,17.075,658411.993,555960.7353,976534.6713,1,14194.917,2.657,37720.759
2,110,2,vial,48179.446,31.232,1504724.653,1437273.429,NA,2,9099.306,1.4,12741.786
2,110,3,vial,37125.168,28.044,1041137.074,936369.8499,NA,3,14194.917,2.822,40059.005
2,110,1,vial,12821.749,1.061,13604.841,13502.26701,24212.46906,1,16279.486,0.008,137.868
2,110,2,vial,11183.874,0.807,9027.614,8882.223638,NA,2,17448.609,0.013,234.376
2,110,3,vial,26484.495,1.902,50385.339,50252.91653,NA,3,18860.38,0.005,96.508
2,110,1,mated,3722.443,20.36,75788.947,75759.16746,148569.6886,1,9033.129,0.008,74.449
2,110,2,mated,8547.833,22.304,190649.761,190555.7348,NA,2,14594.735,0.011,154.412
2,110,3,mated,8511.987,27.351,232815.394,179394.1636,NA,3,10852.99,6.276,68109.684
2,110,1,mated,10891.594,1.208,13152.633,11050.55536,18437.09154,1,8172.831,0.193,1574.456
2,110,2,mated,15074.517,2.376,35809.905,32146.79737,NA,2,20986.308,0.243,5101.126
2,110,3,mated,9948.575,2.206,21943.114,12113.9219,NA,3,16957.797,0.988,16753.752
2,110,1,mated,7500.034,2.411,18080.045,17990.04459,95925.96715,1,12193.07,0.012,151.655
2,110,2,mated,13318.075,2.588,34472.583,33167.41165,NA,2,18046.957,0.098,1764.714
2,110,3,mated,11986.268,19.744,236656.404,236620.4452,NA,3,17536.844,0.003,52.39
2,110,1,mated,10886.079,10.94,119090.613,115400.2322,72170.36578,1,33463.387,0.339,11338.287
2,110,2,mated,7489.005,6.131,45918.407,39710.02186,NA,2,18198.612,0.829,15082.789
2,110,3,mated,10527.621,5.991,63074.735,61400.84326,NA,3,19290.529,0.159,3068.948
2,110,1,virgin,8205.92,6.113,50161.992,48159.74752,17635.90388,1,16155.404,0.244,3940.275
2,110,2,virgin,7734.41,4.969,38429.402,4.85312,NA,2,24557.097,4.968,121999.634
2,110,3,virgin,5087.339,7.404,37668.369,4743.110992,NA,3,18761.114,6.472,121423.345
2,110,1,virgin,8470.627,6.516,55194.184,41132.94318,129404.6599,1,15468.82,1.66,25676.587
2,110,2,virgin,25342.946,8.169,207014.725,201743.3922,NA,2,20556.159,0.208,4284.946
2,110,3,virgin,14591.978,10.07,146942.762,145337.6444,NA,3,18598.43,0.11,2048.723
2,B,1,mated,12705.94,15.664,199029.395,198826.1,229171.8165,1,16119.558,0.016,250.92
2,B,2,mated,11928.363,21.185,252701.513,244220.4469,NA,2,17371.402,0.711,12347.482
2,B,3,mated,12352.997,20.006,247137.15,244468.9026,NA,3,17829.125,0.216,3843.767
2,B,1,mated,8536.803,41.329,352818.695,352716.2534,353494.9831,1,20594.762,0.012,256.435
2,B,2,mated,8134.228,42.643,346871.058,340811.0581,NA,2,40003.858,0.745,29820.907
2,B,3,mated,8172.831,45.225,369613.808,366957.6379,NA,3,13591.054,0.325,4420.057
2,B,1,mated,19224.352,92.408,1776485.077,1506555.951,1113209.943,1,16058.896,14.041,225480.802
2,B,2,mated,9843.795,116.557,1147364.577,1063377.318,NA,2,28549.762,8.532,243582.906
2,B,3,mated,8437.538,93.656,790225.09,769696.56,NA,3,5553.334,2.433,13511.091
2,B,1,virgin,15601.174,98.914,1543181.629,1543103.623,1233778.514,1,14616.794,0.005,66.177
2,B,2,virgin,9650.779,110.054,1062109.595,1002052.797,NA,2,18705.967,6.223,116415.969
2,B,3,virgin,10500.048,113.996,1196961.309,1156179.123,NA,3,23506.54,3.884,91299.127
2,B,1,virgin,30772.198,66.201,2037160.891,1980170.78,1124509.542,1,19957.811,1.852,36959.726
2,B,2,virgin,10174.678,49.587,504528.942,455334.3739,NA,2,18093.832,4.835,87485.691
2,B,3,virgin,15353.011,67.394,1034701.383,938023.4727,NA,3,16847.503,6.297,106092.393
2,B,1,vial,13508.333,133.672,1805680.062,1772111.854,1423889.716,1,18182.068,2.485,45184.948
2,B,2,vial,11713.288,109.81,1286239.288,889767.9158,NA,2,35958.803,33.848,1217147.982
2,B,3,vial,27187.623,61.155,1662669.303,1609789.376,NA,3,8801.51,1.945,17117.725
2,B,1,vial,11986.268,33.153,397385.993,362733.6922,337192.2952,1,13897.122,2.891,40174.815
2,B,2,vial,15468.82,24.634,381065.147,353917.3679,NA,2,19025.822,1.755,33386.181
2,B,3,vial,15499.151,19.568,303279.868,294925.8256,NA,3,14804.295,0.539,7974.301
1,B,1,cont,10422.841,1.204,12546.013,11899.79686,16498.15383,1,21838.334,0.062,
1,B,2,cont,9132.394,3.318,30297.931,29302.50005,NA,2,8795.996,0.109,
1,B,3,cont,10844.718,0.799,8660.885,8292.164588,NA,3,10428.356,0.034,
1,B,1,cont,3918.216,0.652,2554.699,31.367896,370.8648133,1,3714.171,0.644,2392.704
1,B,2,cont,4384.211,0.69,3024.83,258.392859,NA,2,3460.494,0.631,2183.833
1,B,3,cont,4348.365,0.82,3566.652,822.833685,NA,3,4003.695,0.631,2527.125
1,110,1,cont,5602.967,2.201,12333.696,2707.798694,3144.730881,1,4169.137,1.718,7160.878
1,110,2,cont,7334.592,2.223,16304.302,3952.849072,NA,2,4800.573,1.684,8084.595
1,110,3,cont,6033.116,2.099,12661.822,2773.544876,NA,3,4389.726,1.639,7196.724
2,110,1,virgin,11407.221,67.285,767531.973,764029.9562,616847.513,1,9297.836,0.307,2851.116
2,110,2,virgin,5636.055,75.865,427581.902,425919.2658,NA,2,8807.025,0.295,2594.681
2,110,3,virgin,9317.138,71.191,663295.287,660593.317,NA,3,16422.869,0.29,4764.727
3,110,1,virgin,27402.698,35.201,964595.366,2499598.91,1283194.892,1,14437.565,126.418,1825174.636
3,110,2,virgin,11578.177,43.965,509031.72,500151.2582,NA,2,8594.708,0.767,6590.103
3,110,3,virgin,15303.378,64.677,989783.9,849834.5082,NA,3,12970.647,9.145,118616.347
2,B,1,virgin,17250.078,35.289,608729.782,565397.5861,930941.6108,1,8652.613,2.512,21733.554
2,B,2,virgin,14057.049,23.569,331314.002,314136.2881,NA,2,19047.88,1.222,23269.407
2,B,3,virgin,17636.109,109.614,1933166.853,1913290.958,NA,3,12446.748,1.127,14032.233
3,B,1,virgin,18457.804,28.475,525584.185,443926.8601,543634.406,1,15989.962,4.424,70740.21
3,B,2,virgin,25500.116,11.703,298426.905,218815.5428,NA,2,12005.569,3.122,37480.868
3,B,3,virgin,15532.24,65.324,1014633.277,968160.8149,NA,3,3397.074,2.992,10163.649
4,B,1,virgin,9364.013,96.306,901812.912,886502.7507,1254048.912,1,6457.75,1.635,10557.952
4,B,2,virgin,15512.938,122.097,1894089.47,1890133.671,NA,2,7577.24,0.255,1935.671
4,B,3,virgin,7808.859,132.919,1037946.802,985510.3138,NA,3,13345.649,6.715,89611.62
4,110,1,virgin,7999.117,41.811,334449.127,332689.3213,355923.8281,1,4971.53,0.22,1094.674
4,110,2,virgin,7199.481,85.632,616505.553,616267.9701,NA,2,5636.055,0.033,187.501
4,110,3,virgin,8360.332,14.251,119140.246,118814.1931,NA,3,10759.24,0.039,419.12
5,110,9,vial,8360.332,30.984,259040.697,246307.9114,259305.3245,1,7946.727,1.523,12102.077
5,110,9,vial,8931.107,39.008,348384.852,197824.2502,NA,2,13072.67,16.858,220385.19
5,110,9,vial,6628.707,64.825,429707.831,333783.812,NA,3,14922.862,14.471,215948.589
5,110,9,vial,17647.139,252.895,4462875.934,3930673.516,2984311.353,1,9446.734,30.158,284899.27
5,110,9,vial,20812.594,232.636,4841754.49,3204594.221,NA,2,12273.034,78.662,965425.333
5,110,9,vial,31941.321,184.555,5894944.008,1817666.324,NA,3,7224.297,127.649,922173.299
5,110,4,vial,20691.27,25.182,521037.289,491531.538,561059.0146,1,15989.962,1.426,22797.897
5,110,4,vial,41360.482,23.56,974458.462,891530.6956,NA,2,19020.307,2.005,38128.849
5,110,4,vial,29581.016,12.448,368210.309,300114.8102,NA,3,12959.618,2.302,29837.451
5,110,1,vial,18562.584,58.623,1088186,1028878.544,2245137.427,1,16400.81,3.195,52406.488
5,110,1,vial,22875.104,95.04,2174047.541,2098468.197,NA,2,4301.49,3.304,14214.219
5,110,1,vial,28169.245,133.737,3767278.111,3608065.538,NA,3,18943.101,5.652,107074.015
5,110,1,vial,11713.288,16.454,192728.815,173811.8549,186988.225,1,14172.858,1.615,22888.891
5,110,1,vial,7389.739,20.871,154227.721,143357.4149,NA,2,9559.786,1.471,14059.806
5,110,1,vial,5409.951,49.171,266014.074,243795.4052,NA,3,16285,4.107,66882.656
5,110,2,vial,23371.429,76.834,1795714.943,1561486.482,4510195.677,1,4359.395,10.022,43687.698
5,110,2,vial,39171.133,116.08,4546967.308,4138255.706,NA,2,5227.965,10.434,54546.203
5,110,2,vial,68878.989,116.116,7997945.271,7830844.844,NA,3,4053.327,2.426,9832.765
5,110,3,vial,22533.19,63.747,1436413.682,1403875.756,3886137.28,1,7378.71,1.444,10657.217
5,110,3,vial,36044.281,126.636,4564487.608,3927585.163,NA,2,19012.035,17.67,335940.861
5,110,3,vial,39044.295,190.365,7432685.355,6326950.921,NA,3,6030.358,28.32,170780.186
5,110,8,vial,6281.278,30.061,188821.628,-184405.6295,-234752.6661,1,12860.352,59.419,764145.928
5,110,8,vial,8379.634,25.217,211307.943,-204573.2924,NA,2,16414.596,49.63,814649.833
5,110,8,vial,8415.479,19.261,162088.97,-315279.0763,NA,3,12182.041,56.725,691031.626
5,110,7,vial,6697.641,13.434,89975.592,77611.74671,175174.0713,1,6446.72,1.846,11900.789
5,110,7,vial,8713.275,10.338,90077.614,78480.24498,NA,2,21275.832,1.331,28309.871
5,110,7,vial,11194.904,34.743,388942.94,369430.2223,NA,3,9490.852,1.743,16544.193
5,110,7,vial,16538.678,35.348,584602.834,560109.0519,671701.1948,1,4789.544,1.481,7094.701
5,110,7,vial,21044.213,31.039,653184.028,614841.4719,NA,2,13458.701,1.822,24515.736
5,110,7,vial,17636.109,50.12,883925.883,840153.0605,NA,3,15965.146,2.482,39628.856
5,110,6,vial,13654.474,14.574,199004.579,-29939.98656,46319.20446,1,21496.421,16.767,360426.267
5,110,6,vial,11192.146,11.575,129552.058,107380.4168,NA,2,15303.378,1.981,30311.718
5,110,6,vial,12341.968,18.177,224344.767,61517.18318,NA,3,17172.872,13.193,226556.174
5,110,6,vial,27639.831,42.793,1182796.723,1140728.9,1259171.101,1,10058.869,1.522,15308.893
5,110,6,vial,70059.141,22.48,1574954.751,1373744.898,NA,2,2139.716,2.872,6146.168
5,110,6,vial,52307.222,26.222,1371576.991,1263039.505,NA,3,8051.507,2.075,16709.635
5,110,5,vial,10483.503,73.796,773642.295,665368.676,325978.5693,1,10453.172,10.328,107959.129
5,110,5,vial,12667.337,38.745,490794.505,409786.8849,NA,2,10442.143,6.395,66780.634
5,110,5,vial,7290.474,30.566,222839.246,-97219.85307,NA,3,17807.066,43.901,781751.706
5,110,5,vial,2349.275,91.014,213817.146,174626.5405,366402.5773,1,20272.151,16.682,338171.57
5,110,5,vial,16428.383,72.162,1185509.971,992000.0476,NA,2,20316.269,11.779,239308.989
5,110,5,vial,6954.076,91.689,637613.185,-67418.85618,NA,3,11376.89,101.384,1153439.053
5,110,10,vial,23203.23,91.358,2119801.891,1229401.143,1250273.82,1,13971.571,38.374,536139.379
5,110,10,vial,14421.021,87.079,1255773.157,714782.9752,NA,2,27273.102,37.514,1023117.69
5,110,10,vial,35134.35,53.255,1871073.741,1806637.343,NA,3,22938.523,1.834,42063.61
5,110,3,virgin,10373.209,152.825,1585283.842,1568396.258,1068278.369,1,9708.684,1.628,15805.219
5,110,3,virgin,11898.032,65.678,781437.367,733964.2193,NA,2,11098.396,3.99,44286.046
5,110,3,virgin,10869.535,84.907,922898.486,902474.6297,NA,3,15659.078,1.879,29426.604
5,110,2,virgin,12821.749,55.343,709591.453,572296.1647,943180.9458,1,9915.486,10.708,106175.114
5,110,2,virgin,12474.321,80.845,1008489.867,899713.7879,NA,2,15496.394,8.72,135121.936
5,110,2,virgin,13064.397,114.677,1498184.183,1357532.885,NA,3,7307.018,10.766,78667.636
5,110,1,virgin,9292.322,47.34,439899.053,279374.1905,69449.2993,1,27620.53,17.275,477151.061
5,110,1,virgin,6540.471,47.028,307586.873,269351.2795,NA,2,18444.017,5.846,107815.746
5,110,1,virgin,11250.051,40.432,454866.033,-340377.5721,NA,3,15388.857,70.688,1087799.969
5,110,3,virgin,28533.218,62.924,1795422.663,1718554.174,3010309.046,1,738.974,2.694,1990.818
5,110,3,virgin,53360.536,81.766,4363097.908,4287646.11,NA,2,879.6,1.414,1243.572
5,110,3,virgin,50691.406,62.571,3171833.315,3024726.855,NA,3,981.622,2.902,2848.359
5,110,2,virgin,29393.516,216.906,6375627.253,5953624.544,9514323.429,1,2321.702,14.357,33333.791
5,110,2,virgin,86713.628,211.753,18361897.59,18091958.07,NA,2,5073.552,3.113,15794.189
5,110,2,virgin,27187.623,176.65,4802704.68,4497387.674,NA,3,5095.611,11.23,57223.605
5,110,1,virgin,22919.222,240.427,5510399.066,5475447.252,6794718.725,1,22174.733,1.525,33827.359
5,110,1,virgin,53636.273,199.506,10700767.27,10613876.51,NA,2,9708.684,1.62,15728.012
5,110,1,virgin,22632.456,204.502,4628389.552,4294832.415,NA,3,5765.651,14.738,84973.731
5,110,6,mated,16720.664,16.927,283035.291,258489.3562,229695.5075,1,9758.316,1.468,14330.028
5,110,6,mated,9739.015,15.357,149565.016,118146.9536,NA,2,9041.401,3.226,29164.654
5,110,6,mated,12278.548,27.176,333679.822,312450.2125,NA,3,18457.804,1.729,31922.02
5,110,5,mated,7797.829,196.547,1532642.979,1522178.292,1774574.674,1,16742.723,1.342,22461.499
5,110,5,mated,12634.248,80.476,1016753.691,982780.1981,NA,2,25742.764,2.689,69215.387
5,110,5,mated,15154.48,187.793,2845907.205,2818765.531,NA,3,6761.06,1.791,12110.349
5,110,4,mated,5922.821,44.493,263521.415,253304.5488,193285.0603,1,15038.671,1.725,25946.809
5,110,4,mated,10775.784,27.043,291409.41,275148.7519,NA,2,20371.416,1.509,30747.382
5,110,4,mated,4058.842,14.152,57441.437,51401.8801,NA,3,14638.853,1.488,21785.944
5,110,3,mated,11867.701,49.11,582821.576,533796.1032,438107.9752,1,15364.04,4.131,63469.038
5,110,3,mated,11068.065,31.101,344226.745,318482.4258,NA,2,14426.536,2.326,33559.895
5,110,3,mated,11159.058,44.773,499629.104,462045.3967,NA,3,23305.253,3.368,78491.165
5,110,2,mated,11470.64,127.917,1467285.145,1453738.319,735755.5782,1,13522.12,1.181,15967.903
5,110,2,mated,6110.322,71.187,434977.156,372004.1775,NA,2,10152.62,10.306,104633.746
5,110,2,mated,4875.022,81.539,397504.56,381524.2379,NA,3,20021.23,3.278,65636.327
5,110,2,mated,20567.189,34.596,711540.91,670385.9648,1133392.784,1,6499.11,2.001,13006.493
5,110,2,mated,43607.734,37.988,1656578.283,1567923.76,NA,2,9408.131,2.033,19127.844
5,110,2,mated,49263.091,25.153,1239113.155,1161868.628,NA,3,5382.377,1.568,8437.538
5,110,1,mated,6529.441,38.75,253015.853,245278.4654,162228.5448,1,19966.083,1.185,23658.196
5,110,1,mated,7130.547,18.425,131380.191,122053.4355,NA,2,10428.356,1.308,13640.687
5,110,1,mated,6678.339,27.98,186858.384,119353.7334,NA,3,14798.78,10.108,149581.561
5,110,1,mated,67114.275,155.988,10469030,9636611.651,10027796.05,1,6915.473,12.403,85770.609
5,110,1,mated,53608.699,196.234,10519856.52,10385888.38,NA,2,17161.843,2.499,42885.305
5,110,1,mated,51298.027,199.773,10247972.02,10060888.11,NA,3,2729.792,3.647,9956.847
5,110,3,mated,14716.059,66.862,983941.042,955156.4306,2408137.657,1,11898.032,1.956,23269.407
5,110,3,mated,30143.519,56.485,1702664.889,1575820.961,NA,2,18551.555,4.208,78061.016
5,110,3,mated,48507.573,106.622,5171962.788,4693435.58,NA,3,6854.81,9.865,67621.63
5,110,1,cont,13864.033,2.942,40789.707,22766.4641,24775.76706,1,13742.709,1.3,17867.728
5,110,2,cont,17735.375,2.869,50884.422,27243.16713,NA,2,15096.576,1.333,20128.768
5,110,3,cont,12286.82,3.301,40560.846,24317.66996,NA,3,10712.365,1.322,14159.072
5,110,8,vial,23415.547,37.584,880051.784,743539.145,983964.5574,1,14845.656,5.83,86556.459
5,110,8,vial,17842.912,66.365,1184139.56,1060916.41,NA,2,29272.192,6.906,202164.52
5,110,8,vial,29178.441,98.451,2872642.62,1147438.117,NA,3,17120.482,59.126,1012264.7
5,110,4,mated,21430.244,33.478,717436.157,690262.6076,754139.3509,1,18198.612,1.268,23081.906
5,110,4,mated,36217.995,28.309,1025296.009,770502.4142,NA,2,8989.011,7.035,63234.662
5,110,4,mated,34340.229,27.453,942757.032,801653.031,NA,3,6046.902,4.109,24849.377
5,B,8,vial,11139.756,47.9,533588.816,518416.4683,530287.2886,1,13963.299,1.362,19017.549
5,B,8,vial,12474.321,42.909,535262.537,513407.5266,NA,2,23139.811,1.752,40541.544
5,B,8,vial,17354.858,33.309,578076.15,559037.8708,NA,3,19588.324,1.097,21496.421
5,B,8,vial,15319.922,32.236,493852.423,394058.4511,1357631.801,1,2718.762,6.514,17710.558
5,B,8,vial,49381.658,21.139,1043855.836,970425.3106,NA,2,11848.399,1.487,17619.565
5,B,8,vial,44581.084,62.251,2775238.686,2708411.641,NA,3,4262.887,1.499,6391.573
5,B,7,vial,10985.344,35.919,394578.995,383879.2699,414848.0565,1,11128.727,0.974,10841.961
5,B,7,vial,15262.018,27.148,414327.246,397920.5767,NA,2,16555.222,1.075,17798.794
5,B,7,vial,10489.018,45.072,472761.335,462744.3228,NA,3,15827.278,0.955,15110.363
5,B,6,vial,10745.453,89.009,956441.837,942429.7663,886651.1969,1,17101.18,1.304,22301.572
5,B,6,vial,8283.126,132.921,1101002.235,1080766.558,NA,2,10963.285,2.443,26779.533
5,B,6,vial,6077.233,106.48,647106.794,636757.2662,NA,3,19312.588,1.703,32887.098
5,B,6,vial,8459.597,115.799,979611.978,967624.7291,2348685.835,1,22665.544,1.417,32120.55
5,B,6,vial,15540.512,65.336,1015347.435,988182.62,NA,2,28613.181,1.748,50024.124
5,B,6,vial,50771.37,103.036,5231293.021,5090250.155,NA,3,13654.474,2.778,37930.319
5,B,5,vial,22069.953,102.56,2263499.234,2179015.454,1294861.097,1,20776.749,3.828,79525.177
5,B,5,vial,16855.775,59.019,994816.091,862582.5361,NA,2,22935.766,7.845,179929.125
5,B,5,vial,18099.347,56.594,1024322.659,842985.3014,NA,3,29556.2,10.019,296113.475
5,B,5,vial,7560.696,70.044,529579.607,398446.8956,1300086.354,1,8415.479,17.344,145958.382
5,B,5,vial,12278.548,149.273,1832853.899,1509903.53,NA,2,12485.351,26.302,328391.195
5,B,5,vial,17870.485,120.995,2162232.23,1991908.637,NA,3,6832.752,9.531,65123.457
5,B,4,vial,11382.405,32.156,366007.174,353395.4693,329048.9985,1,4169.137,1.108,4618.587
5,B,4,vial,20889.801,26.771,559240.587,104093.6028,NA,2,16621.399,21.788,362144.105
5,B,4,vial,24132.462,41.748,1007480.671,529657.9234,NA,3,12965.132,19.8,256705.208
5,B,4,vial,22640.728,25.839,585008.167,253910.1607,165177.491,1,10130.561,14.624,148150.488
5,B,4,vial,15810.733,26.43,417875.976,139607.0752,NA,2,7254.628,17.6,127682.564
5,B,4,vial,9678.353,27.005,261359.641,102015.2372,NA,3,2922.807,16.464,48121.542
5,B,3,vial,16654.487,36.945,615306.099,597602.3793,291566.5347,1,17705.044,1.063,18816.262
5,B,3,vial,5255.539,17.052,89619.892,82966.37963,NA,2,17947.692,1.266,22726.206
5,B,3,vial,11321.743,20.369,230609.501,194130.8451,NA,3,11625.053,3.222,37453.295
5,B,3,vial,22952.31,200.596,4604152.31,4549525.812,3131728.34,1,11084.609,2.38,26385.23
5,B,3,vial,50239.198,31.575,1586320.612,1272627.06,NA,2,3683.84,6.244,23001.943
5,B,3,vial,57289.782,67.376,3859939.376,3573032.148,NA,3,8316.214,5.008,41644.49
5,B,1,vial,20636.123,26.515,547177.113,514860.9444,381601.5578,1,20374.173,1.566,31902.718
5,B,1,vial,15887.94,18.586,295300.052,257550.3066,NA,2,6551.5,2.376,15568.085
5,B,1,vial,24752.87,17.047,421973.421,372393.4224,NA,3,17867.728,2.003,35793.361
5,B,1,vial,23724.372,27.5,652420.238,514249.4955,316888.3933,1,13411.826,5.824,78105.134
5,B,1,vial,9766.588,22.231,217117.712,207429.2567,NA,2,2903.506,0.992,2881.447
5,B,1,vial,11558.876,21.131,244255.703,228986.4278,NA,3,8724.304,1.321,11523.03
5,B,1,mated,15689.409,118.173,1854063.554,1622989.938,1466871.183,1,11139.756,14.728,164063.244
5,B,1,mated,17023.974,102.37,1742745.953,1545982.862,NA,2,8396.178,11.558,97039.962
5,B,1,mated,10797.843,122.219,1319697.16,1231640.75,NA,3,6209.587,8.155,50641.774
5,B,1,mated,27154.535,109.386,2970314.019,1459924.473,1064128.857,1,9901.699,55.622,550756.174
5,B,1,mated,18275.818,74.751,1366133.952,740388.2195,NA,2,17705.044,34.239,606209.55
5,B,1,mated,17547.874,95.16,1669860.512,992073.8788,NA,3,3099.279,38.625,119711.021
5,B,2,mated,14746.39,16.725,246627.037,191239.5962,222615.0272,1,11387.919,3.756,42769.495
5,B,2,mated,8117.684,19.578,158929.029,133236.5591,NA,2,14955.95,3.165,47332.935
5,B,2,mated,12959.618,30.768,398745.374,343368.9263,NA,3,9066.218,4.273,38743.742
5,B,2,mated,14716.059,6.108,89892.871,58429.93686,79446.18579,1,8076.323,2.138,17263.865
5,B,2,mated,18386.113,9.095,167223.185,137897.3348,NA,2,15865.881,1.595,25309.857
5,B,2,mated,16191.25,8.228,133216.597,42011.28575,NA,3,12639.763,5.633,71195.176
5,B,3,mated,3413.618,40.366,137793.823,132751.9092,147352.2254,1,17492.726,1.477,25833.757
5,B,3,mated,6435.691,40.269,259156.506,237017.729,NA,2,17327.284,3.44,59605.969
5,B,3,mated,2040.45,36.9,75292.621,72287.03815,NA,3,10400.782,1.473,15317.165
5,B,3,mated,11867.701,34.632,411001.864,334016.0876,340158.5794,1,16792.356,6.487,108926.964
5,B,3,mated,17955.964,16.292,292531.657,204331.9618,NA,2,25723.462,4.912,126342.485
5,B,3,mated,13472.488,42.311,570035.673,482127.6888,NA,3,22329.145,6.525,145693.675
5,B,4,mated,20167.371,32.889,663281.5,605643.1537,570829.288,1,24317.206,2.858,69488.367
5,B,4,mated,18810.747,29.196,549201.02,490473.8679,NA,2,33289.673,3.122,103941.648
5,B,4,mated,21030.426,31.674,666107.8,616370.8425,NA,3,7908.124,2.365,18703.21
5,B,5,mated,18937.586,161.462,3057694.93,2906554.056,3425655.69,1,16739.966,7.981,133608.143
5,B,5,mated,18275.818,185.608,3392141.299,3272526.07,NA,2,16455.957,6.545,107702.694
5,B,5,mated,32820.921,136.869,4492164.669,4097886.945,NA,3,9981.663,12.013,119912.308
5,B,6,mated,26603.062,93.912,2498341.291,2470913.534,2748363.993,1,14459.624,1.031,14909.075
5,B,6,mated,32945.002,109.337,3602092.619,3560581.916,NA,2,16191.25,1.26,20398.99
5,B,6,mated,25326.402,88.992,2253840.182,2213596.529,NA,3,13058.883,1.589,20746.418
5,B,6,mated,13025.794,89.674,1168077.906,1060445.77,1678260.917,1,19908.179,8.263,164501.665
5,B,6,mated,29211.53,63.266,1848107.644,1530286.198,NA,2,10196.737,10.88,110939.841
5,B,6,mated,26239.09,94.818,2487948.781,2444050.783,NA,3,4522.079,1.673,7563.453
5,B,7,mated,44509.393,42.792,1904663.967,1818671.82,2234785.526,1,9948.575,1.932,19224.352
5,B,7,mated,75755.858,56.943,4313754.853,3775509.482,NA,2,20203.217,7.105,143545.688
5,B,7,mated,64351.395,21.093,1357348.985,1110175.277,NA,3,19839.244,3.841,76197.037
5,B,7,mated,7646.174,31.274,239127.003,230456.2417,203779.4341,1,25814.455,1.134,29283.221
5,B,7,mated,12609.432,12.371,155995.193,143322.7138,NA,2,37729.031,1.005,37922.047
5,B,7,mated,11211.448,23.288,261092.176,237559.3466,NA,3,18457.804,2.099,38749.257
5,B,1,virgin,5735.32,248.872,1427361.251,1350324.433,1266487.547,1,15741.799,13.432,211451.326
5,B,1,virgin,56465.33,42.93,2424035.807,1608732.907,NA,2,20241.82,14.439,292277.98
5,B,1,virgin,8283.126,117.308,971676.281,840405.3002,NA,3,10508.32,15.848,166536.601
5,B,1,virgin,12998.221,109.167,1418976.103,1359587.231,256272.458,1,11338.287,4.569,51808.139
5,B,1,virgin,21463.333,31.921,685136.379,528797.4614,NA,2,10326.334,7.284,75218.172
5,B,1,virgin,17098.423,38.233,653727.229,-1119567.319,NA,3,26539.642,103.711,2752454.576
5,B,2,virgin,19875.09,249.943,4967630.98,4902202.184,6838119.535,1,12300.607,3.292,40494.669
5,B,2,virgin,38525.91,244.904,9435155.831,8848791.481,NA,2,18000.082,15.22,273960.801
5,B,2,virgin,44319.135,175.443,7775481.027,6763364.941,NA,3,9099.306,22.837,207800.575
5,B,2,virgin,38514.881,103.854,3999925.305,3673473.174,3339799.376,1,15253.746,8.476,129287.351
5,B,2,virgin,24297.904,197.833,4806920.692,4573029.068,NA,2,16290.515,9.626,156816.887
5,B,2,virgin,9573.573,205.162,1964137.582,1772895.888,NA,3,11156.301,19.976,222861.305
5,B,7,vial,25607.653,118.44,3032980.664,2894007.931,1772603.84,1,11211.448,5.427,60846.783
5,B,7,vial,30319.99,51.805,1570722.195,1371034.741,NA,2,6937.531,6.586,45692.303
5,B,7,vial,15173.782,71.235,1080901.041,1052768.849,NA,3,17718.83,1.854,32851.252
5,B,2,vial,34301.626,53.92,1849549.746,1789007.376,1197203.948,1,28819.984,1.765,50862.363
5,B,2,vial,21843.849,49.153,1073698.802,1024550.142,NA,2,21548.811,2.25,48488.271
5,B,2,vial,10629.644,76.239,810389.704,778054.327,NA,3,25309.857,3.042,76999.43
5,B,1,cont,17123.239,1.187,20321.783,2496.491201,10165.50074,1,17536.844,1.041,18262.031
5,B,1,cont,20112.224,2.117,42573.722,22260.37576,NA,2,17109.453,1.01,17283.167
5,B,1,cont,13883.335,1.454,20192.187,5739.635265,NA,3,12606.675,1.041,13122.302
1,B,1,female,7290.474,0.081,592.834,549.091156,2200.469789,1,6077.233,0.006,38.603
1,B,2,female,14228.006,0.272,3871.341,3729.06094,NA,2,4971.53,0.01,49.633
1,B,3,female,14746.39,0.165,2426.482,2323.25727,NA,3,5379.62,0.007,35.846
1,B,1,female,28100.311,0.099,2782.182,2641.680445,1775.430947,1,3568.031,0.005,16.544
1,B,2,female,33998.316,0.087,2955.896,2309.927996,NA,2,2558.835,0.019,49.633
1,B,3,female,14401.72,0.031,446.693,374.6844,NA,3,2514.717,0.005,13.787
1,110,1,female,6681.096,0.622,4158.107,2334.167792,4072.402715,1,10304.274,0.273,2815.27
1,110,2,female,6079.991,0.624,3794.135,3739.415081,NA,2,10403.539,0.009,93.75
1,110,3,female,9987.177,0.766,7651.689,6143.625273,NA,3,12537.74,0.151,1891.553
1,110,1,female,7665.476,3.442,26382.472,25991.53272,39956.3086,1,26705.083,0.051,1356.624
1,110,2,female,6242.675,3.587,22392.564,22267.7105,NA,2,11387.919,0.02,231.619
1,110,3,female,16963.312,4.232,71796.279,71609.68257,NA,3,15204.112,0.011,168.199
1,110,1,female,12005.569,0.771,9250.961,9166.922017,10920.42241,1,8856.657,0.007,57.905
1,110,2,female,17944.934,0.669,12013.841,11834.39166,NA,2,17216.989,0.01,168.199
1,110,3,female,9077.247,1.399,12694.91,11759.95356,NA,3,13935.724,0.103,1442.102
1,110,1,female,6802.42,0.528,3590.09,2698.97298,5702.434927,1,9672.838,0.131,1262.873
1,110,2,female,8900.775,0.583,5189.362,4860.033325,NA,2,7850.219,0.037,286.766
1,110,3,female,10618.614,0.965,10249.127,9548.298476,NA,3,10886.078,0.066,716.915
2,B,1,female,14186.645,5.228,74170.37,-465.569345,92.220751,1,7742.682,5.261,40731.801
2,B,2,female,13648.958,5.24,71523.299,330.334072,NA,2,7739.924,5.216,40367.828
2,B,3,female,19770.309,5.207,102940.72,411.897526,NA,3,7472.46,5.186,38752.012
2,B,1,female,19329.131,5.422,104807.456,3290.859988,2758.728149,1,7797.829,5.252,40952.39
2,B,2,female,12179.283,5.519,67216.295,2994.935741,NA,2,8600.222,5.273,45350.388
2,B,3,female,27965.199,5.389,150709.317,1990.388718,NA,3,12981.676,5.318,69038.913
2,B,1,female,11170.087,5.753,64257.642,2017.917236,1219.160462,1,10825.416,5.572,60320.124
2,B,2,female,17790.521,5.684,101129.131,1591.166005,NA,2,16064.41,5.595,89876.323
2,B,3,female,7102.973,5.605,39810.841,48.398146,NA,3,13235.354,5.598,74084.892
2,B,1,female,16974.341,5.587,94834.066,-646.602125,-416.336831,1,23900.843,5.625,134432.589
2,B,2,female,18341.994,5.59,102527.115,-224.735388,NA,2,12860.352,5.602,72044.441
2,B,3,female,12537.74,5.597,70172.19,-377.67298,NA,3,11834.612,5.627,66593.13
2,B,1,female,20498.255,2.661,54543.446,53170.06292,50163.368,1,22116.828,0.067,1477.948
2,B,2,female,26470.708,2.498,66135.41,64626.57964,NA,2,14735.361,0.057,835.482
2,B,3,female,13905.394,2.426,33736.366,32693.46145,NA,3,16125.073,0.075,1210.483
2,B,1,female,37450.537,4.232,158496.123,141193.9749,154178.5593,1,10086.443,0.462,4659.948
2,B,2,female,33543.351,3.718,124710.124,106328.3677,NA,2,11685.715,0.548,6408.117
2,B,3,female,28533.218,8.094,230934.871,215013.3354,NA,3,4058.842,0.558,2263.797
2,110,1,female,30022.195,0.958,28770.351,27509.41881,25752.57564,1,9416.403,0.042,391.546
2,110,2,female,11517.515,1.215,13988.115,13884.45737,NA,2,13599.326,0.009,115.809
2,110,3,female,43847.625,1.436,62961.683,35863.85075,NA,3,1687.508,0.618,1042.284
2,110,1,female,16665.517,0.689,11481.67,9881.780368,12288.10909,1,12297.85,0.096,1177.395
2,110,2,female,27603.985,0.682,18824.534,18548.49415,NA,2,1681.993,0.01,16.544
2,110,3,female,12364.027,0.728,9002.798,8434.052758,NA,3,5426.495,0.046,248.163
3,B,1,female,18882.439,4.088,77200.718,60546.4068,92842.01726,1,7817.131,0.882,6896.171
3,B,2,female,31301.613,5.629,176203.924,145997.8675,NA,2,14443.08,0.965,13943.997
3,B,3,female,23578.232,5.43,128027.235,71981.77754,NA,3,9978.906,2.377,23718.858
3,B,1,female,20167.371,0.614,12380.571,11130.194,13417.60791,1,6253.705,0.062,386.031
3,B,2,female,27598.471,0.723,19949.539,19921.94053,NA,2,10439.386,0.001,11.029
3,B,3,female,18479.863,0.514,9496.367,9200.689192,NA,3,6832.752,0.016,107.537
3,B,1,female,23859.483,1.652,39419.296,38250.18133,51803.06647,1,11443.067,0.049,559.745
3,B,2,female,29619.62,2.864,84827.59,83198.5109,NA,2,22276.755,0.055,1218.756
3,B,3,female,36722.593,1.009,37045.205,33960.50719,NA,3,5917.306,0.084,499.083
3,B,1,female,24452.316,76.789,1877666.527,466767.8938,504312.2864,1,9810.706,57.7,566073.316
3,B,2,female,20798.807,83.678,1740396.609,568467.0298,NA,2,12110.349,56.346,682365.199
3,B,3,female,24077.314,76.481,1841465.078,477701.9357,NA,3,7560.696,56.641,428243.653
3,B,1,female,25108.569,85.842,2155360.79,829452.5868,957206.692,1,10378.723,52.807,548070.478
3,B,2,female,28853.071,81.004,2337214.548,820235.4871,NA,2,10477.988,52.576,550888.505
3,B,3,female,32283.233,90.124,2909505.724,1221932.002,NA,3,8426.508,52.274,440486.355
3,B,1,female,15945.844,11.701,186585.397,150133.1976,148849.9849,1,15375.069,2.286,35142.621
3,B,2,female,13345.648,10.861,144946.424,111061.8237,NA,2,6454.992,2.539,16387.022
3,B,3,female,30126.974,8.473,255279.64,185354.9333,NA,3,12286.82,2.321,28516.672
3,B,1,female,21176.566,8.223,174133.136,123012.9057,182130.2696,1,9317.137,2.414,22489.072
3,B,2,female,18479.862,22.747,420360.345,363793.4874,NA,2,15143.45,3.061,46356.826
3,B,3,female,12220.643,7.239,88461.795,59584.41559,NA,3,10513.834,2.363,24843.862
3,110,1,female,20145.311,13.983,281695.2,173353.7174,181552.6881,1,7453.158,5.378,40086.577
3,110,2,female,22356.718,12.186,272441.482,151357.4973,NA,2,3033.102,5.416,16428.383
3,110,3,female,27926.596,13.407,374408.852,219946.8495,NA,3,9882.397,5.531,54662.01
