trial,rhodamine,mount,replicate,conc,protocol,yeast.test,Area,Mean,Int Den,CTCF,CTCF avg,bck,Area,Mean,Int Den
1,B,immuno,1,cont,cont,cont,5514.731,0.644,3551.487,71.691739,148.3665637,1,4883.294,0.631,3081.356
1,B,immuno,2,cont,cont,cont,3978.878,0.654,2601.574,190.373932,NA,2,3918.216,0.606,2372.713
1,B,immuno,3,cont,cont,cont,6308.852,0.644,4062.978,183.03402,NA,3,4789.544,0.615,2946.245
1,B,fluoro,1,cont,cont,cont,3918.216,0.652,2554.699,31.367896,370.8648133,1,3714.171,0.644,2392.704
1,B,fluoro,2,cont,cont,cont,4384.211,0.69,3024.83,258.392859,NA,2,3460.494,0.631,2183.833
1,B,fluoro,3,cont,cont,cont,4348.365,0.82,3566.652,822.833685,NA,3,4003.695,0.631,2527.125
1,B,PBS,1,cont,cont,cont,4309.762,0.748,3224.739,121.71036,882.2256147,1,5294.142,0.72,3814.126
1,B,PBS,2,cont,cont,cont,6675.582,0.879,5865.606,1079.213706,NA,2,5784.953,0.717,4147.767
1,B,PBS,3,cont,cont,cont,5054.251,1.008,5094.922,1445.752778,NA,3,3976.121,0.722,2870.417
1,110,immuno,1,cont,cont,cont,5602.967,2.201,12333.696,2707.798694,3144.730881,1,4169.137,1.718,7160.878
1,110,immuno,2,cont,cont,cont,7334.592,2.223,16304.302,3952.849072,NA,2,4800.573,1.684,8084.595
1,110,immuno,3,cont,cont,cont,6033.116,2.099,12661.822,2773.544876,NA,3,4389.726,1.639,7196.724
1,110,fluoro,1,cont,cont,cont,2467.842,2.241,5530.586,2739.456698,4183.266736,1,3228.875,1.131,3650.752
1,110,fluoro,2,cont,cont,cont,3634.208,2.4,8721.547,4669.40508,NA,2,4284.946,1.115,4779.204
1,110,fluoro,3,cont,cont,cont,4677.87,2.21,10338.052,5140.93843,NA,3,3964.402,1.111,4402.823
1,110,PBS,1,cont,cont,cont,4955.675,7.958,39435.841,33578.23315,25601.75385,1,5086.65,1.182,6013.125
1,110,PBS,2,cont,cont,cont,8929.728,5.454,48699.21,38063.90395,NA,2,3252.313,1.191,3872.03
1,110,PBS,3,cont,cont,cont,7998.428,3.666,29318.377,5163.12444,NA,3,3829.981,3.02,11567.837
1,110,immuno,1,cont,cont,cont,5602.967,2.201,12333.696,2707.798694,3144.730881,1,4169.137,1.718,7160.878
1,110,immuno,2,cont,cont,cont,7334.592,2.223,16304.302,3952.849072,NA,2,4800.573,1.684,8084.595
1,110,immuno,3,cont,cont,cont,6033.116,2.099,12661.822,2773.544876,NA,3,4389.726,1.639,7196.724
1,110,fluoro,1,cont,cont,cont,2467.842,2.241,5530.586,2739.456698,4183.266736,1,3228.875,1.131,3650.752
1,110,fluoro,2,cont,cont,cont,3634.208,2.4,8721.547,4669.40508,NA,2,4284.946,1.115,4779.204
1,110,fluoro,3,cont,cont,cont,4677.87,2.21,10338.052,5140.93843,NA,3,3964.402,1.111,4402.823
1,110,PBS,1,cont,cont,cont,4955.675,7.958,39435.841,33578.23315,25601.75385,1,5086.65,1.182,6013.125
1,110,PBS,2,cont,cont,cont,8929.728,5.454,48699.21,38063.90395,NA,2,3252.313,1.191,3872.03
1,110,PBS,3,cont,cont,cont,7998.428,3.666,29318.377,5163.12444,NA,3,3829.981,3.02,11567.837
3,110,fluoro,1,cont,cont,cont,7665.476,1.533,11749.134,204.927144,4159.325283,1,9364.013,1.506,14106.682
3,110,fluoro,2,cont,cont,cont,9055.188,0.991,8972.467,3086.5948,NA,2,8459.597,0.65,5500.944
3,110,fluoro,3,cont,cont,cont,9193.056,1.41,12959.618,9186.453904,NA,3,6656.28,2.409,16036.837
3,110,immuno,1,cont,cont,cont,9011.07,1.182,10648.945,1971.28459,3449.228947,1,14159.072,0.963,13629.657
3,110,immuno,2,cont,cont,cont,15810.733,1.219,19271.227,6986.287459,NA,2,11341.044,0.777,8815.297
3,110,immuno,3,cont,cont,cont,10792.328,1.34,14459.624,1390.114792,NA,3,7290.474,1.211,8826.327
3,B,fluoro,1,cont,cont,cont,14881.501,0.345,5134.214,59.429849,1605.680113,1,10941.226,0.349,3821.709
3,B,fluoro,2,cont,cont,cont,13883.335,0.366,5079.067,2705.016715,NA,2,8360.332,0.171,1428.315
3,B,fluoro,3,cont,cont,cont,11812.554,0.257,3038.617,2052.593774,NA,3,4659.948,0.431,2007.362
3,B,immuno,1,cont,cont,cont,16478.016,0.321,5296.899,107.890248,3625.91082,1,16544.193,0.328,5420.98
3,B,immuno,2,cont,cont,cont,19020.307,0.374,7122.275,3280.172986,NA,2,9275.777,0.202,1869.494
3,B,immuno,3,cont,cont,cont,13673.775,0.749,10238.098,7489.669225,NA,3,14525.801,0.201,2925.565
4,110,immuno,1,cont,cont,cont,7665.476,0.46,3529.428,3414.44586,9011.319213,1,10216.039,0.015,151.655
4,110,immuno,2,cont,cont,cont,10428.356,0.893,9314.38,9157.95466,NA,2,13122.302,0.015,193.016
4,110,immuno,3,cont,cont,cont,10508.32,1.385,14556.132,14461.55712,NA,3,9716.956,0.009,82.721
4,110,fluoro,1,cont,cont,cont,6904.443,0.173,1191.182,956.430938,1967.020151,1,5873.188,0.034,201.288
4,110,fluoro,2,cont,cont,cont,5324.473,0.459,2443.026,2379.132324,NA,2,9716.956,0.012,118.567
4,110,fluoro,3,cont,cont,cont,7020.252,0.769,5401.679,2565.497192,NA,3,7202.239,0.404,2911.778
4,B,fluoro,1,cont,cont,cont,5084.582,0.186,945.776,650.870244,6554.636368,1,10491.776,0.058,603.863
4,B,fluoro,2,cont,cont,cont,11316.228,0.923,10450.415,9839.338688,NA,2,6739.001,0.054,361.215
4,B,fluoro,3,cont,cont,cont,9568.058,1.025,9805.192,9173.700172,NA,3,6457.75,0.066,424.634
4,B,immuno,1,cont,cont,cont,5961.424,0.234,1392.47,1344.778608,9142.698557,1,9766.588,0.008,82.721
4,B,immuno,2,cont,cont,cont,7334.592,0.716,5252.781,5164.765896,NA,2,11012.918,0.012,132.354
4,B,immuno,3,cont,cont,cont,10861.262,1.933,20994.58,20918.55117,NA,3,9601.146,0.007,66.177
1,B,immuno,1,2,no yeast,no yeast,4897.081,6.603,32335.623,406.65488,205.6396053,1,4949.471,6.52,32269.447
1,B,immuno,2,2,no yeast,no yeast,7386.982,6.532,48253.893,39.061486,NA,2,9457.763,6.527,61729.138
1,B,immuno,3,2,no yeast,no yeast,3438.435,6.58,22624.183,171.20245,NA,3,5084.582,6.53,33201.436
1,110,immuno,1,1,no yeast,no yeast,8958.68,33.502,300136.459,240176.0138,195139.3827,1,4897.081,6.693,32776.802
1,110,immuno,2,1,no yeast,no yeast,5434.767,39.355,213883.314,177492.1142,NA,2,2977.955,6.696,19941.266
1,110,immuno,3,1,no yeast,no yeast,4982.559,40.486,201726.09,167750.0202,NA,3,5448.554,6.819,37152.741
1,110,fluoro,1,1,no yeast,no yeast,7632.387,10.352,79006.789,27900.32565,16777.94168,1,6683.854,6.696,44754.797
1,110,fluoro,2,1,no yeast,no yeast,9716.955,8.911,86584.029,21606.75092,NA,2,6970.62,6.687,46610.504
1,110,fluoro,3,1,no yeast,no yeast,6319.881,7.135,45091.195,826.748476,NA,3,5316.2,7.004,37235.461
1,110,immuno,1,2,no yeast,no yeast,9000.04,14.305,128746.902,71965.64964,32096.51601,1,5401.679,6.309,34081.036
1,110,immuno,2,2,no yeast,no yeast,4875.022,7.999,38994.661,8901.150194,NA,2,5853.887,6.173,36138.03
1,110,immuno,3,2,no yeast,no yeast,5961.424,8.721,51990.123,15422.74818,NA,3,4210.497,6.134,25825.484
1,110,fluoro,1,2,no yeast,no yeast,6747.273,8.783,59261.296,17144.81793,37072.71588,1,5183.847,6.242,32357.682
1,110,fluoro,2,2,no yeast,no yeast,7028.524,11.853,83308.279,39337.83286,NA,2,8440.295,6.256,52806.304
1,110,fluoro,3,2,no yeast,no yeast,6962.347,14.116,98278.015,54735.49686,NA,3,6617.677,6.254,41385.296
1,B,fluoro,1,1,no yeast,no yeast,6319.881,6.734,42557.177,150.77549,426.8965267,1,5023.92,6.71,33708.791
1,B,fluoro,2,1,no yeast,no yeast,4017.481,6.858,27551.594,843.380312,NA,2,8159.044,6.648,54242.891
1,B,fluoro,3,1,no yeast,no yeast,4670.977,6.747,31516.686,286.533778,NA,3,6454.992,6.686,43155.525
1,B,fluoro,1,2,no yeast,no yeast,5459.583,7.228,39463.413,6192.714198,3987.125237,1,5922.821,6.094,36093.912
1,B,fluoro,2,2,no yeast,no yeast,3587.332,7.245,25990.926,4309.091392,NA,2,5853.887,6.044,35382.512
1,B,fluoro,3,2,no yeast,no yeast,4102.96,6.384,26192.213,1459.57012,NA,3,6397.088,6.028,38558.997
2,110,fluoro,1,1,no yeast,no yeast,9896.185,1.467,14514.772,3599.279945,5288.409076,1,10400.782,1.103,11467.883
2,110,fluoro,2,1,no yeast,no yeast,7659.961,2.29,17542.359,9307.900925,NA,2,7152.606,1.075,7690.292
2,110,fluoro,3,1,no yeast,no yeast,7555.181,1.495,11291.411,2958.046357,NA,3,11225.235,1.103,12383.328
2,110,immuno,1,1,no yeast,no yeast,6962.348,6.445,44873.365,37347.06681,42618.09736,1,10158.134,1.081,10979.829
2,110,immuno,2,1,no yeast,no yeast,4949.471,8.385,41501.107,35754.77117,NA,2,6452.235,1.161,7491.762
2,110,immuno,3,1,no yeast,no yeast,6678.339,9.299,62098.627,54752.4541,NA,3,8332.758,1.1,9165.483
2,110,fluoro,1,2,no yeast,no yeast,9209.601,11.73,108030.821,93645.42424,253914.7803,1,7411.798,1.562,11578.177
2,110,fluoro,2,2,no yeast,no yeast,10213.282,27.858,284518.753,263744.9374,NA,2,8572.649,2.034,17440.336
2,110,fluoro,3,2,no yeast,no yeast,8420.994,7.632,64265.916,404353.9791,NA,3,6554.258,55.649,364738.786
2,110,immuno,1,2,no yeast,no yeast,10855.748,11.785,127933.484,115764.1905,105069.9935,1,11580.935,1.121,12987.191
2,110,immuno,2,2,no yeast,no yeast,8757.393,21.553,188744.422,179172.5915,NA,2,8156.287,1.093,8911.805
2,110,immuno,3,2,no yeast,no yeast,7913.639,3.688,29183.956,20273.19849,NA,3,13329.105,1.126,15008.34
2,B,fluoro,1,1,no yeast,no yeast,8084.595,7.64,61767.743,51298.19248,41064.61972,1,21430.244,1.295,27752.883
2,B,fluoro,2,1,no yeast,no yeast,6501.868,10.21,66383.573,52066.45966,NA,2,9416.403,2.202,20738.145
2,B,fluoro,3,1,no yeast,no yeast,8713.275,3.105,27052.512,19829.20703,NA,3,6915.473,0.829,5732.563
2,B,immuno,1,1,no yeast,no yeast,8831.842,51.09,451218.039,440054.5907,278386.2756,1,12667.337,1.264,16012.021
2,B,immuno,2,1,no yeast,no yeast,10011.994,21.043,210682.021,196034.4738,NA,2,12044.172,1.463,17619.565
2,B,immuno,3,1,no yeast,no yeast,9352.984,22.364,209170.985,199069.7623,NA,3,7494.519,1.08,8092.868
2,110,fluoro,1,1,no yeast,no yeast,6962.348,1.507,10491.776,2784.456764,4928.049089,1,11167.33,1.107,12361.269
2,110,fluoro,2,1,no yeast,no yeast,8382.391,2.144,17972.508,8869.231374,NA,2,11625.053,1.086,12625.976
2,110,fluoro,3,1,no yeast,no yeast,8239.008,1.489,12267.519,3130.459128,NA,3,10489.018,1.109,11636.082
2,110,immuno,1,1,no yeast,no yeast,7880.55,6.354,50076.514,41463.07285,46879.92433,1,10770.269,1.093,11771.193
2,110,immuno,2,1,no yeast,no yeast,6920.987,8.292,57391.804,49806.40225,NA,2,8528.531,1.096,9347.469
2,110,immuno,3,1,no yeast,no yeast,5977.968,9.349,55886.283,49370.29788,NA,3,9352.984,1.09,10191.223
2,110,fluoro,1,2,no yeast,no yeast,9617.691,10.903,104859.85,89615.80977,240490.9198,1,6672.824,1.585,10577.254
2,110,fluoro,2,2,no yeast,no yeast,8189.375,26.926,220506.515,202825.6544,NA,2,8183.861,2.159,17669.198
2,110,fluoro,3,2,no yeast,no yeast,8569.892,6.267,53710.721,429031.2954,NA,3,5553.334,56.33,312820.352
2,110,immuno,1,2,no yeast,no yeast,8729.819,11.947,104294.591,94508.4639,92527.21173,1,11944.907,1.121,13389.767
2,110,immuno,2,2,no yeast,no yeast,6319.882,20.512,129634.779,122708.1883,NA,2,7290.474,1.096,7988.088
2,110,immuno,3,2,no yeast,no yeast,6628.707,10.24,67875.308,60364.98297,NA,3,9810.706,1.133,11114.94
3,110,fluoro,1,1,no yeast,no yeast,13025.794,7.634,99444.385,83266.34885,81632.1573,1,8647.098,1.242,10739.938
3,110,fluoro,2,1,no yeast,no yeast,12110.349,7.857,95156.681,79958.19301,NA,2,6088.263,1.255,7637.902
3,110,fluoro,3,1,no yeast,no yeast,14354.844,8.498,121980.332,81671.93005,NA,3,7373.195,2.808,20702.3
3,110,fluoro,1,2,no yeast,no yeast,8572.649,1.563,13398.039,1199.159473,2914.874788,1,9766.588,1.423,13899.879
3,110,fluoro,2,2,no yeast,no yeast,7378.71,3.511,25908.206,4111.49666,NA,2,12438.476,2.954,36739.137
3,110,fluoro,3,2,no yeast,no yeast,7047.826,1.632,11503.729,3433.96823,NA,3,11387.919,1.145,13036.824
3,B,fluoro,1,1,no yeast,no yeast,12573.586,1.475,18546.04,71430.54142,34812.11988,1,3934.76,7.156,28158.216
3,B,fluoro,2,1,no yeast,no yeast,13091.971,3.11,40712.501,29898.53295,NA,2,7808.859,0.826,6449.478
3,B,fluoro,3,1,no yeast,no yeast,19720.678,4.106,80964.522,3107.285256,NA,3,3170.97,3.948,12518.439
3,B,fluoro,1,2,no yeast,no yeast,14729.846,35.865,528280.888,513889.8285,477178.1222,1,10626.886,0.977,10384.238
3,B,fluoro,2,2,no yeast,no yeast,12273.034,55.478,680887.278,665018.245,NA,2,10130.561,1.293,13100.243
3,B,fluoro,3,2,no yeast,no yeast,11070.822,23.971,265379.88,252626.2931,NA,3,7114.003,1.152,8194.89
3,B,immuno,1,2,no yeast,no yeast,10158.134,10.963,111361.718,99578.28256,210573.5282,1,11909.061,1.16,13817.158
3,B,immuno,2,2,no yeast,no yeast,9959.604,31.193,310669.607,300799.6394,NA,2,13403.553,0.991,13282.229
3,B,immuno,3,2,no yeast,no yeast,17222.505,14.531,250252.973,231342.6625,NA,3,5106.641,1.098,5608.481
4,110,fluoro,1,2,no yeast,no yeast,13323.59,0.683,9093.791,7881.34431,17234.38187,1,8729.819,0.091,794.121
4,110,fluoro,2,2,no yeast,no yeast,9959.604,3.325,33115.959,14860.00487,NA,2,7152.606,1.833,13114.03
4,110,fluoro,3,2,no yeast,no yeast,7406.284,0.595,4403.513,28961.79642,NA,3,7850.219,4.505,35368.727
4,B,fluoro,1,2,no yeast,no yeast,12678.366,6.197,78565.614,47300.76344,58709.60272,1,5255.539,2.466,12962.375
4,B,fluoro,2,2,no yeast,no yeast,10152.62,5.96,60507.627,54294.22356,NA,2,10830.931,0.612,6628.707
4,B,fluoro,3,2,no yeast,no yeast,10629.644,7.99,84929.613,74533.82117,NA,3,7199.481,0.978,7039.554
1,B,immuno,1,2,mount,positive,2900.748,74.734,216784.071,212984.0911,183903.2271,1,4006.452,1.31,5247.266
1,B,immuno,2,2,mount,positive,3121.338,48.811,152355.47,148975.0609,NA,2,3380.53,1.083,3661.781
1,B,immuno,3,2,mount,positive,3482.553,55.726,194068.895,189750.5293,NA,3,5101.126,1.24,6325.396
1,B,fluoro,1,2,mount,positive,2084.568,74.146,154563.431,142229.0421,98091.71171,1,3867.205,5.917,22883.376
1,B,fluoro,2,2,mount,positive,3398.453,25.979,88287.395,84783.58996,NA,2,3079.977,1.031,3176.485
1,B,fluoro,3,2,mount,positive,3252.313,28.518,92750.88,67262.50302,NA,3,2755.987,7.837,21597.754
1,B,PBS,1,2,mount,positive,3865.826,19.932,77051.82,74171.77963,36771.15967,1,4786.097,0.745,3568.031
1,B,PBS,2,2,mount,positive,3714.171,8.604,31958.555,29265.78103,NA,2,4043.676,0.725,2932.458
1,B,PBS,3,2,mount,positive,2280.341,3.75,8551.969,6875.918365,NA,3,2798.726,0.735,2056.995
1,110,immuno,1,1,mount,positive,3606.634,78.005,281333.996,275581.4148,253865.9304,1,5227.965,1.595,8338.273
1,110,immuno,2,1,mount,positive,4389.726,54.487,239182.151,232180.538,NA,2,4014.724,1.595,6405.36
1,110,immuno,3,1,mount,positive,3449.464,75.207,259423.97,253835.8383,NA,3,5525.76,1.62,8953.166
1,110,fluoro,1,1,mount,positive,3631.45,19.271,69980.556,66447.15515,167275.2919,1,2616.74,0.973,2547.116
1,110,fluoro,2,1,mount,positive,4105.717,60.714,249273.419,245225.182,NA,2,2903.506,0.986,2864.213
1,110,fluoro,3,1,mount,positive,4574.469,45.475,208025.989,190153.5386,NA,3,2489.901,3.907,9727.985
1,110,PBS,1,1,mount,positive,4290.461,137.37,589381.349,584614.6468,275172.5804,1,3523.913,1.111,3915.459
1,110,PBS,2,1,mount,positive,7370.438,21.459,158163.861,150380.6785,NA,2,3152.358,1.056,3327.451
1,110,PBS,3,1,mount,positive,4235.313,22.399,94867.847,90522.41586,NA,3,3692.802,1.026,3787.241
1,110,immuno,1,2,mount,positive,5189.362,27.49,142657.127,137223.865,98937.11849,1,3563.205,1.047,3732.094
1,110,immuno,2,2,mount,positive,4733.018,22.543,106696.256,101371.6108,NA,2,3664.539,1.125,4124.329
1,110,immuno,3,2,mount,positive,4926.033,13.856,68255.135,58215.87975,NA,3,2840.086,2.038,5788.399
1,110,fluoro,1,2,mount,positive,5459.584,54.38,296889.673,290938.7264,156674.2235,1,5999.338,1.09,6541.85
1,110,fluoro,2,2,mount,positive,4887.43,16.201,79181.885,70653.31965,NA,2,5148.001,1.745,8983.497
1,110,fluoro,3,2,mount,positive,6257.841,18.417,115251.671,108430.6243,NA,3,7078.157,1.09,7717.866
1,110,PBS,1,2,mount,positive,4963.258,21.151,104976.349,99779.81787,66765.01911,1,4748.183,1.047,4972.909
1,110,PBS,2,2,mount,positive,3622.489,6.943,25149.241,21302.15768,NA,2,6016.571,1.062,6391.573
1,110,PBS,3,2,mount,positive,5856.644,14.589,85444.551,79213.08178,NA,3,4963.258,1.064,5280.355
1,B,immuno,1,1,mount,positive,3193.029,31.341,100073.06,78488.18396,68298.13105,1,5029.434,6.76,33998.315
1,B,immuno,2,1,mount,positive,4345.608,34.692,150758.95,122456.0051,NA,2,4017.481,6.513,26167.397
1,B,immuno,3,1,mount,positive,5150.758,7.317,37687.669,3950.2041,NA,3,6937.531,6.55,45441.381
1,B,fluoro,1,1,mount,positive,3204.059,49.732,159345.385,130774.7909,123602.9569,1,4315.277,8.917,38479.033
1,B,fluoro,2,1,mount,positive,7753.711,25.046,194198.483,145543.9465,NA,2,3733.473,6.275,23429.333
1,B,fluoro,3,1,mount,positive,6656.28,21.234,141337.032,94490.13336,NA,3,5498.186,7.038,38696.865
1,B,PBS,1,1,mount,positive,5175.575,6.788,35134.349,4039.4944,17198.37992,1,6761.06,6.008,40618.749
1,B,PBS,2,1,mount,positive,3758.289,8.096,30427.526,7768.801619,NA,2,7050.583,6.029,42510.301
1,B,PBS,3,1,mount,positive,6722.457,11.947,80316.537,39786.84375,NA,3,4202.225,6.029,25334.673
2,110,fluoro,1,1,mount,positive,3835.495,100.037,383690.159,271586.3111,413075.7125,1,6807.935,29.228,198985.277
2,110,fluoro,2,1,mount,positive,7389.739,89.623,662288.848,557857.0565,NA,2,4003.695,14.132,56578.382
2,110,fluoro,3,1,mount,positive,6727.972,61.261,412165.472,409783.7699,NA,3,7061.613,0.354,2500.93
2,110,immuno,1,1,mount,positive,11407.221,67.285,767531.973,764029.9562,616847.513,1,9297.836,0.307,2851.116
2,110,immuno,2,1,mount,positive,5636.055,75.865,427581.902,425919.2658,NA,2,8807.025,0.295,2594.681
2,110,immuno,3,1,mount,positive,9317.138,71.191,663295.287,660593.317,NA,3,16422.869,0.29,4764.727
2,110,fluoro,1,2,mount,positive,6176.499,9.446,58340.338,55906.79739,30201.88797,1,11636.082,0.394,4585.499
2,110,fluoro,2,2,mount,positive,3750.017,4.269,16009.264,14828.00865,NA,2,12915.5,0.315,4064.357
2,110,fluoro,3,2,mount,positive,5247.266,9.002,47236.427,19870.85787,NA,3,12871.382,12.789,164617.474
2,110,immuno,1,2,mount,positive,9871.368,8.079,79754.038,76526.10066,79762.04379,1,12634.248,0.327,4127.776
2,110,immuno,2,2,mount,positive,6747.273,9.146,61709.839,59597.94255,NA,2,15711.468,0.313,4916.383
2,110,immuno,3,2,mount,positive,8572.649,12.325,105656.729,103162.0881,NA,3,13356.678,0.291,3882.371
3,110,fluoro,1,1,mount,positive,9978.906,8.101,80837.683,76576.69014,73534.39969,1,7169.15,0.427,3060.676
3,110,fluoro,2,1,mount,positive,13279.472,6.152,81689.709,77187.96799,NA,2,11517.515,0.339,3901.672
3,110,fluoro,3,1,mount,positive,10921.925,6.479,70759.512,66838.54093,NA,3,9978.906,0.359,3581.818
3,110,immuno,1,1,mount,positive,27402.698,35.201,964595.366,2499598.91,1283194.892,1,14437.565,126.418,1825174.636
3,110,immuno,2,1,mount,positive,11578.177,43.965,509031.72,500151.2582,NA,2,8594.708,0.767,6590.103
3,110,immuno,3,1,mount,positive,15303.378,64.677,989783.9,849834.5082,NA,3,12970.647,9.145,118616.347
3,110,fluoro,1,2,mount,positive,9838.28,25.831,254135.343,250131.163,256246.0274,1,8528.531,0.407,3471.523
3,110,fluoro,2,2,mount,positive,19103.028,15.75,300869.93,292961.2764,NA,2,9000.041,0.414,3725.201
3,110,fluoro,3,2,mount,positive,10196.737,22.87,233201.425,225645.6429,NA,3,11578.177,0.741,8578.164
3,110,immuno,1,2,mount,positive,6046.902,10.885,65821.07,63613.95077,92819.33441,1,12904.47,0.365,4712.338
3,110,immuno,2,2,mount,positive,10304.275,9.203,94828.555,90696.54073,NA,2,12540.498,0.401,5034.949
3,110,immuno,3,2,mount,positive,10312.547,12.384,127715.653,124147.5117,NA,3,10086.443,0.346,3493.582
2,B,fluoro,1,1,mount,positive,17250.078,35.289,608729.782,565397.5861,930941.6108,1,8652.613,2.512,21733.554
2,B,fluoro,2,1,mount,positive,14057.049,23.569,331314.002,314136.2881,NA,2,19047.88,1.222,23269.407
2,B,fluoro,3,1,mount,positive,17636.109,109.614,1933166.853,1913290.958,NA,3,12446.748,1.127,14032.233
2,B,immuno,1,1,mount,positive,12132.408,47.2,572649.655,556926.0542,875757.6289,1,14216.976,1.296,18427.473
2,B,immuno,2,1,mount,positive,9408.131,70.133,659823.764,643030.2502,NA,2,6981.649,1.785,12460.534
2,B,immuno,3,1,mount,positive,15606.688,91.475,1427628.716,1427316.582,NA,3,9408.131,0.02,187.501
2,B,fluoro,1,2,mount,positive,5299.656,107.256,568419.857,508342.9566,917644.5837,1,22163.703,11.336,251251.139
2,B,fluoro,2,2,mount,positive,8258.31,130.092,1074338.511,955261.9391,NA,2,11387.919,14.419,164206.627
2,B,fluoro,3,2,mount,positive,12027.628,107.378,1291505.856,1289328.855,NA,3,12849.323,0.181,2329.974
2,B,immuno,1,2,mount,positive,9286.807,143.956,1336889.334,1336824.326,1030211.688,1,7610.329,0.007,55.147
2,B,immuno,2,2,mount,positive,8958.68,135.98,1218204.053,1217989.045,NA,2,6333.668,0.024,154.412
2,B,immuno,3,2,mount,positive,5740.835,93.362,535976.695,535821.6925,NA,3,8084.595,0.027,215.075
3,B,fluoro,1,1,mount,positive,18457.804,28.475,525584.185,443926.8601,543634.406,1,15989.962,4.424,70740.21
3,B,fluoro,2,1,mount,positive,25500.116,11.703,298426.905,218815.5428,NA,2,12005.569,3.122,37480.868
3,B,fluoro,3,1,mount,positive,15532.24,65.324,1014633.277,968160.8149,NA,3,3397.074,2.992,10163.649
3,B,immuno,1,1,mount,positive,5900.762,64.189,378762.747,377558.9916,397091.4882,1,11944.907,0.204,2437.511
3,B,immuno,2,1,mount,positive,6672.824,73.91,493185.141,491790.5208,NA,2,10196.737,0.209,2131.443
3,B,immuno,3,1,mount,positive,7356.651,48.07,353632.118,321924.9522,NA,3,13899.879,4.31,59903.764
3,B,fluoro,1,2,mount,positive,8161.802,67.299,549278.226,546911.3034,417019.1537,1,5961.424,0.29,1726.111
3,B,fluoro,2,2,mount,positive,9099.306,46.295,421250.991,420532.1458,NA,2,5729.805,0.079,454.965
3,B,fluoro,3,2,mount,positive,5972.454,47.56,284050.001,283614.0119,NA,3,13345.649,0.073,970.593
3,B,immuno,1,2,mount,positive,11023.947,31.941,352118.324,350740.3306,234230.8781,1,13822.673,0.125,1728.868
3,B,immuno,2,2,mount,positive,6915.473,24.997,172867.512,170945.0105,NA,2,11608.509,0.278,3223.36
3,B,immuno,3,2,mount,positive,7050.583,26.971,190158.95,181007.2933,NA,3,13023.037,1.298,16902.65
4,110,fluoro,1,1,mount,positive,6672.824,58.573,390848.279,380018.2856,435710.8847,1,8194.89,1.623,13301.531
4,110,fluoro,2,1,mount,positive,13009.25,53.561,696794.52,695025.262,NA,2,4897.081,0.136,664.525
4,110,fluoro,3,1,mount,positive,8845.628,33.288,294450.784,232089.1066,NA,3,8382.391,7.05,59095.856
4,110,immuno,1,1,mount,positive,7999.117,41.811,334449.127,332689.3213,355923.8281,1,4971.53,0.22,1094.674
4,110,immuno,2,1,mount,positive,7199.481,85.632,616505.553,616267.9701,NA,2,5636.055,0.033,187.501
4,110,immuno,3,1,mount,positive,8360.332,14.251,119140.246,118814.1931,NA,3,10759.24,0.039,419.12
4,110,fluoro,1,2,mount,positive,7036.797,5.795,40781.435,40352.19038,49050.62991,1,11718.803,0.061,719.672
4,110,fluoro,2,2,mount,positive,4875.022,13.052,63628.965,4484.842384,NA,2,6893.414,13.972,96317.532
4,110,fluoro,3,2,mount,positive,6739.001,15.227,102618.112,102314.857,NA,3,8382.391,0.045,377.759
4,110,immuno,1,2,mount,positive,4701.308,46.31,217718.818,217662.4023,291462.395,1,10489.018,0.012,121.324
4,110,immuno,2,2,mount,positive,6761.06,58.107,392863.914,390477.2598,NA,2,9750.044,0.353,3441.192
4,110,immuno,3,2,mount,positive,10577.254,25.298,267580.257,266247.523,NA,3,8443.053,0.126,1064.343
4,B,fluoro,1,1,mount,positive,9253.718,16.934,156698.321,77514.25607,149945.6277,1,10284.973,8.557,88012.348
4,B,fluoro,2,1,mount,positive,4262.887,21.615,92142.881,65512.62591,NA,2,5765.651,6.247,36019.465
4,B,fluoro,3,1,mount,positive,10114.016,30.393,307396.614,306810.0011,NA,3,9708.684,0.058,559.745
4,B,immuno,1,1,mount,positive,12372.299,20.782,257118.813,257044.5792,240055.335,1,14867.714,0.006,93.75
4,B,immuno,2,1,mount,positive,9446.734,36.912,348693.677,348381.9348,NA,2,6854.81,0.033,226.104
4,B,immuno,3,1,mount,positive,9278.535,12.366,114739.491,114739.491,NA,3,9708.684,0,0
4,B,fluoro,1,2,mount,positive,9364.013,96.306,901812.912,886502.7507,1254048.912,1,6457.75,1.635,10557.952
4,B,fluoro,2,2,mount,positive,15512.938,122.097,1894089.47,1890133.671,NA,2,7577.24,0.255,1935.671
4,B,fluoro,3,2,mount,positive,7808.859,132.919,1037946.802,985510.3138,NA,3,13345.649,6.715,89611.62
4,B,immuno,1,2,mount,positive,4974.287,79.058,393255.46,393245.5114,511179.5606,1,8189.375,0.002,13.787
4,B,immuno,2,2,mount,positive,6182.013,59.376,367066.003,367016.5469,NA,2,5277.597,0.008,41.36
4,B,immuno,3,2,mount,positive,5316.201,145.504,773526.485,773276.6236,NA,3,8699.488,0.047,410.847
1,B,immuno,1,2,yeast,yeast,6435.691,6.078,39115.985,373.12518,913.3661967,1,6319.881,6.02,38046.127
1,B,immuno,2,2,yeast,yeast,5090.096,6.133,31216.133,578.845176,NA,2,6816.207,6.019,41024.081
1,B,immuno,3,2,yeast,yeast,4753.698,6.443,30628.814,1788.128234,NA,3,2605.71,6.067,15807.975
1,110,immuno,1,1,yeast,yeast,4345.608,25.125,109183.395,78824.97751,64520.28916,1,5834.585,6.986,40759.374
1,110,immuno,2,1,yeast,yeast,4345.608,17.541,76224.607,42172.42271,NA,2,5277.597,7.836,41357.723
1,110,immuno,3,1,yeast,yeast,6198.557,18.448,114347.94,72563.46726,NA,3,5227.965,6.741,35239.129
1,110,fluoro,1,1,yeast,yeast,4902.596,7.63,37406.418,3740.291268,3363.611092,1,7693.049,6.867,52831.12
1,110,fluoro,2,1,yeast,yeast,3849.282,7.361,28334.686,1863.173686,NA,2,3940.275,6.877,27096.629
1,110,fluoro,3,1,yeast,yeast,5305.171,7.733,41024.081,4487.368323,NA,3,6802.42,6.887,46847.637
1,110,immuno,1,2,yeast,yeast,8161.801,20.424,166696.521,111914.5127,93241.46447,1,5636.055,6.712,37828.295
1,110,immuno,2,2,yeast,yeast,6532.198,14.901,97334.996,51642.27099,NA,2,6082.748,6.995,42551.662
1,110,immuno,3,2,yeast,yeast,6532.198,25.543,166850.934,116167.6097,NA,3,7080.914,7.759,54940.504
1,110,fluoro,1,2,yeast,yeast,9286.806,13.272,123256.988,63542.82542,26195.72451,1,4213.254,6.43,27091.114
1,110,fluoro,2,2,yeast,yeast,4108.474,7.044,28938.549,1830.837548,NA,2,4557.925,6.598,30071.826
1,110,fluoro,3,2,yeast,yeast,7739.924,8.096,62663.885,13213.51056,NA,3,5658.114,6.389,36151.817
1,B,fluoro,1,1,yeast,yeast,4789.544,12.418,59476.37,26758.99494,22049.54495,1,6104.807,6.831,41702.393
1,B,fluoro,2,1,yeast,yeast,6319.881,9.713,61384.467,18282.87858,NA,2,2503.688,6.82,17076.364
1,B,fluoro,3,1,yeast,yeast,6182.013,10.312,63750.287,21106.76133,NA,3,2316.187,6.898,15976.175
1,B,fluoro,1,2,yeast,yeast,4632.374,6.336,29352.154,1099.304974,2071.938141,1,13522.12,6.099,82472.797
1,B,fluoro,2,2,yeast,yeast,8958.68,6.554,58712.58,3706.2848,NA,2,5434.767,6.14,33369.635
1,B,fluoro,3,2,yeast,yeast,7665.476,6.336,48568.233,1410.224648,NA,3,2647.071,6.152,16285
2,110,fluoro,1,2,yeast,yeast,8420.994,23.277,196015.595,153817.9941,84921.35347,1,10941.226,5.011,54827.454
2,110,fluoro,2,2,yeast,yeast,7544.152,13.843,104432.459,13812.10518,NA,2,7058.856,12.012,84791.745
2,110,fluoro,3,2,yeast,yeast,7808.859,13.613,106304.71,87133.96116,NA,3,7036.797,2.455,17272.137
2,110,immuno,1,2,yeast,yeast,16290.515,3.716,60529.686,41225.42573,43686.08039,1,17867.728,1.185,21168.295
2,110,immuno,2,2,yeast,yeast,14228.006,6.002,85398.365,66617.39708,NA,2,8652.613,1.32,11421.008
2,110,immuno,3,2,yeast,yeast,7373.195,4.819,35528.654,23215.41835,NA,3,7817.131,1.67,13053.368
2,B,fluoro,1,1,yeast,yeast,10764.755,16.498,177599.151,165079.7409,89719.08501,1,9416.403,1.163,10952.256
2,B,fluoro,2,1,yeast,yeast,8313.457,8.832,73420.37,64358.70187,NA,2,12805.205,1.09,13960.541
2,B,fluoro,3,1,yeast,yeast,8139.743,5.768,46946.904,39718.81222,NA,3,9915.486,0.888,8807.025
2,B,immuno,1,1,yeast,yeast,5831.828,21.388,124732.183,116684.2604,151008.6853,1,7643.417,1.38,10546.923
2,B,immuno,2,1,yeast,yeast,8313.457,26.157,217456.868,209766.9203,NA,2,9810.706,0.925,9071.732
2,B,immuno,3,1,yeast,yeast,11250.051,15.935,179270.114,126574.8751,NA,3,10216.039,4.684,47856.835
2,110,fluoro,1,2,yeast,yeast,7806.102,22.771,177753.563,150369.7572,118015.383,1,9449.491,3.508,33151.805
2,110,fluoro,2,2,yeast,yeast,6920.987,7.869,54457.968,55059.73029,NA,2,9157.211,15.824,144907.826
2,110,fluoro,3,2,yeast,yeast,8313.457,20.206,167978.703,148616.6616,NA,3,7036.797,2.329,16389.78
2,110,immuno,1,2,yeast,yeast,13058.883,3.037,39653.672,24622.89767,41627.45452,1,10428.356,1.151,12000.054
2,110,immuno,2,2,yeast,yeast,9846.552,6.324,62266.826,45567.07381,NA,2,7502.791,1.696,12722.484
2,110,immuno,3,2,yeast,yeast,7406.284,9.022,66816.479,54692.39209,NA,3,10855.748,1.637,17768.463
3,110,fluoro,1,1,yeast,yeast,10011.994,4.127,41319.121,30335.96358,26818.4018,1,6397.088,1.097,7014.738
3,110,fluoro,2,1,yeast,yeast,8283.126,3.365,27868.693,14855.90205,NA,2,5724.291,1.571,8994.526
3,110,fluoro,3,1,yeast,yeast,8729.819,5.209,45477.228,35263.33977,NA,3,8183.861,1.17,9573.573
3,110,immuno,1,1,yeast,yeast,2553.32,40.094,102372.707,99290.84976,200643.0934,1,10577.254,1.207,12769.359
3,110,immuno,2,1,yeast,yeast,9617.691,25.211,242468.93,231196.9961,NA,2,6253.705,1.172,7326.32
3,110,immuno,3,1,yeast,yeast,3995.423,69.552,277890.047,271441.4343,NA,3,4687.521,1.614,7566.211
3,110,fluoro,1,2,yeast,yeast,8713.275,3.228,28122.37,14921.75838,14689.68665,1,9901.699,1.515,15002.825
3,110,fluoro,2,2,yeast,yeast,10329.091,2.448,25287.798,12345.44698,NA,2,7461.431,1.253,9350.226
3,110,fluoro,3,2,yeast,yeast,9879.64,2.786,27521.264,16801.8546,NA,3,7494.519,1.085,8131.471
3,B,fluoro,1,1,yeast,yeast,9529.455,4.996,47611.429,38939.62495,40352.02583,1,7400.769,0.91,6733.486
3,B,fluoro,2,1,yeast,yeast,9416.403,4.846,45628.883,37747.35369,NA,2,4789.544,0.837,4009.209
3,B,fluoro,3,1,yeast,yeast,7985.33,7.711,61577.485,44369.09885,NA,3,8451.325,2.155,18215.156
3,B,immuno,1,1,yeast,yeast,13329.105,4.332,57747.504,26330.80352,44417.29809,1,9157.211,2.357,21581.899
3,B,immuno,2,1,yeast,yeast,9209.601,3.937,36262.113,28231.34093,NA,2,6783.119,0.872,5914.549
3,B,immuno,3,1,yeast,yeast,13466.973,6.688,90069.342,78689.74982,NA,3,5040.464,0.845,4260.13
3,B,fluoro,1,2,yeast,yeast,13615.871,2.547,34682.143,3637.95712,12207.92627,1,9297.836,2.28,21198.626
3,B,fluoro,2,2,yeast,yeast,11636.082,1.963,22836.501,13120.37253,NA,2,5602.967,0.835,4676.492
3,B,fluoro,3,2,yeast,yeast,10522.107,3.494,36763.953,19865.44916,NA,3,5189.362,1.606,8332.758
4,110,fluoro,1,2,yeast,yeast,11597.479,0.607,7039.554,33041.33342,17121.95562,1,13864.033,3.456,47917.497
4,110,fluoro,2,2,yeast,yeast,11823.583,0.485,5738.077,5234.208024,NA,2,9540.484,0.928,8853.9
4,110,fluoro,3,2,yeast,yeast,9708.684,0.695,6744.516,13090.32541,NA,3,6245.433,2.043,12761.087
4,B,fluoro,1,1,yeast,yeast,5713.261,1.378,7875.036,7549.380123,18131.37102,1,18325.451,0.057,1053.314
4,B,fluoro,2,1,yeast,yeast,11867.701,2.112,25061.695,24408.97145,NA,2,10014.751,0.055,554.23
4,B,fluoro,3,1,yeast,yeast,5277.597,4.282,22599.367,22435.76149,NA,3,9642.507,0.031,300.553
4,B,fluoro,1,2,yeast,yeast,12813.477,1.83,23451.393,22516.00918,32279.61496,1,11250.051,0.073,821.695
4,B,fluoro,2,2,yeast,yeast,7574.483,0.957,7246.356,7011.547027,NA,2,11900.789,0.031,369.487
4,B,fluoro,3,2,yeast,yeast,14545.103,4.67,67922.183,67311.28867,NA,3,8189.375,0.042,341.913
